gmail_uid,target,sender_email,subject,received_at,reply_body,summary,next_action
22443,Northstar SecureOps,baghelanshu9911@gmail.com,Re: X-Security: a question about endpoint operations,2026-08-01T15:25:20.157017,"yaa but i dont like it

On Sat, Aug 1, 2026 at 3:23 PM <bagheldiwakar2000@gmail.com> wrote:

> Hi Divakar,
>
> I noticed Northstar SecureOps is scaling endpoint‑security for distributed
> teams. A current trend is MSSPs shifting from manual triage to
> hyper‑automated response, needing continuous visibility, rapid remediation,
> and audit‑ready reports. X‑Security delivers unified endpoint telemetry,
> automated containment workflows, and concise forensic summaries that help
> CTOs streamline visibility and response across managed clients. Would you
> be open to a brief 15‑minute call to explore how this could fit your
> roadmap?
>
> Best,
>",Positive buying signal in Gmail reply.,Offer two times for a discovery call.
22444,Northstar SecureOps,baghelanshu9911@gmail.com,Re: X-Security: a question about endpoint operations,2026-08-01T15:32:17.682763,"okay but I don't like it

On Sat, Aug 1, 2026 at 3:24 PM Diwakar Baghel <baghelanshu9911@gmail.com>
wrote:

> yaa but i dont like it
>
> On Sat, Aug 1, 2026 at 3:23 PM <bagheldiwakar2000@gmail.com> wrote:
>
>> Hi Divakar,
>>
>> I noticed Northstar SecureOps is scaling endpoint‑security for
>> distributed teams. A current trend is MSSPs shifting from manual triage to
>> hyper‑automated response, needing continuous visibility, rapid remediation,
>> and audit‑ready reports. X‑Security delivers unified endpoint telemetry,
>> automated containment workflows, and concise forensic summaries that help
>> CTOs streamline visibility and response across managed clients. Would you
>> be open to a brief 15‑minute call to explore how this could fit your
>> roadmap?
>>
>> Best,
>>
>",Positive buying signal in Gmail reply.,Offer two times for a discovery call.
22445,Northstar SecureOps,baghelanshu9911@gmail.com,Re: X-Security: a question about endpoint operations,2026-08-01T15:36:33.525662,"okay but i dont like it

On Sat, Aug 1, 2026 at 3:35 PM <bagheldiwakar2000@gmail.com> wrote:

> Hi Divakar,
>
> I noticed MSSPs are shifting from manual triage to hyper‑automated
> endpoint response, seeking continuous visibility and autonomous
> remediation. X‑Security delivers unified endpoint visibility, rapid
> response workflows, and concise reporting that can streamline Northstar
> SecureOps’ managed‑security operations. Would you be open to a brief
> 15‑minute call to explore how this could fit your endpoint‑security
> architecture?
>
> Best regards,
> [Your Name]
>",Positive buying signal in Gmail reply.,Offer two times for a discovery call.
22446,Northstar SecureOps,baghelanshu9911@gmail.com,Re: X-Security: a question about endpoint operations,2026-08-01T15:42:33.012828,"i dont want it

On Sat, Aug 1, 2026 at 3:41 PM <bagheldiwakar2000@gmail.com> wrote:

> Hi Divakar,
>
> I noticed MSSPs are increasingly becoming the main source of endpoint
> visibility and forensic reporting, driving demand for integrated
> detection‑and‑response alongside traditional blocking. X‑Security is built
> for managed providers, offering unified endpoint telemetry, automated
> response playbooks, and concise multi‑client reporting—all without adding
> operational overhead.
>
> Would you be open to a brief 15‑minute call to explore how this could fit
> Northstar SecureOps’ workflow?
>
> Thanks,
>",Positive buying signal in Gmail reply.,Offer two times for a discovery call.
22447,Northstar SecureOps,baghelanshu9911@gmail.com,Re: X-Security: a question about endpoint operations,2026-08-01T16:18:38.133534,okay lest connect on this monday then,Gmail reply received; needs review.,Review the reply and prepare a relevant response.
22448,Northstar SecureOps,baghelanshu9911@gmail.com,Re: X-Security: a question about endpoint operations,2026-08-01T16:26:20.149263,okay i like it letst connect on this thursday,Gmail reply received; needs review.,Review the reply and prepare a relevant response.
22449,Northstar SecureOps,baghelanshu9911@gmail.com,Re: X-Security: a question about endpoint operations,2026-08-01T16:28:02.082846,"Yes, I would be interested. lets connect on this thursday",Positive buying signal in Gmail reply.,Offer two times for a discovery call.
22450,Northstar SecureOps,baghelanshu9911@gmail.com,Re: X-Security: a question about endpoint operations,2026-08-01T17:16:10.109788,i think we should drop it i am not interested any more,Negative reply or opt-out.,Pause outreach and respect the request.
22451,Northstar SecureOps,baghelanshu9911@gmail.com,Re: X-Security: a question about endpoint operations,2026-08-01T17:22:15.984175,"i think we should drop it i am not interested any more

On Sat, Aug 1, 2026 at 5:15 PM Diwakar Baghel <baghelanshu9911@gmail.com>
wrote:",Negative reply or opt-out.,Pause outreach and respect the request.
22452,Northstar SecureOps,baghelanshu9911@gmail.com,Re: X-Security: a question about endpoint operations,2026-08-01T17:26:46.727707,"i think we should drop it i am not interested any more

On Sat, Aug 1, 2026 at 5:21 PM Diwakar Baghel <baghelanshu9911@gmail.com>
wrote:",Negative reply or opt-out.,Pause outreach and respect the request.
22453,Northstar SecureOps,baghelanshu9911@gmail.com,Re: X-Security: a question about endpoint operations,2026-08-01T17:28:15.689096,i am not interested,Negative reply or opt-out.,Pause outreach and respect the request.
22454,Northstar SecureOps,baghelanshu9911@gmail.com,Re: X-Security: a question about endpoint operations,2026-08-01T17:47:04.674719,okay i am in lets connect on this Saturday,Gmail reply received; needs review.,Review the reply and prepare a relevant response.
22455,Northstar SecureOps,baghelanshu9911@gmail.com,Re: X-Security: a question about endpoint operations,2026-08-01T17:51:58.645146,okay lets connect on this monday then,Gmail reply received; needs review.,Review the reply and prepare a relevant response.
