message_id,target,recipient,subject,sent_at
<178557576450.20664.7330007910130555993@x-security.local>,Northstar SecureOps,baghelanshu9911@gmail.com,X-Security: a question about endpoint operations,2026-08-01T14:46:08.802845
<178557704016.20000.1301962390084181870@x-security.local>,Northstar SecureOps,baghelanshu9911@gmail.com,X-Security: a question about endpoint operations,2026-08-01T15:07:24.469492
<178557802697.8904.1063681734946975710@x-security.local>,Northstar SecureOps,baghelanshu9911@gmail.com,X-Security: a question about endpoint operations,2026-08-01T15:23:51.120022
<178557874268.3424.12925526354061445895@x-security.local>,Northstar SecureOps,baghelanshu9911@gmail.com,X-Security: a question about endpoint operations,2026-08-01T15:35:46.743388
<178557910618.22424.3104586534286318514@x-security.local>,Northstar SecureOps,baghelanshu9911@gmail.com,X-Security: a question about endpoint operations,2026-08-01T15:41:50.884236
<178557915592.22424.6869691595323102418@x-security.local>,Northstar SecureOps,baghelanshu9911@gmail.com,Re: X-Security: a question about endpoint operations,2026-08-01T15:42:39.939982
<178558093878.9348.170043814653415133@x-security.local>,Northstar SecureOps,baghelanshu9911@gmail.com,X-Security: a question about endpoint operations,2026-08-01T16:12:22.827452
<178558132848.3972.14590244081351181090@x-security.local>,Northstar SecureOps,baghelanshu9911@gmail.com,Re: X-Security: a question about endpoint operations,2026-08-01T16:18:52.712195
<178558182172.3972.18438402343609113567@x-security.local>,Northstar SecureOps,baghelanshu9911@gmail.com,X-Security: a question about endpoint operations,2026-08-01T16:27:05.855220
<178558188499.3972.12818986878372554057@x-security.local>,Northstar SecureOps,baghelanshu9911@gmail.com,Re: X-Security: a question about endpoint operations,2026-08-01T16:28:09.274184
<178558544602.24324.10673668223335816454@x-security.local>,Northstar SecureOps,baghelanshu9911@gmail.com,X-Security: a question about endpoint operations,2026-08-01T17:27:29.368468
<178558549871.24324.1771397499316388017@x-security.local>,Northstar SecureOps,baghelanshu9911@gmail.com,Re: X-Security: a question about endpoint operations,2026-08-01T17:28:22.753169
<178558652596.24324.2945976281512138503@x-security.local>,Northstar SecureOps,baghelanshu9911@gmail.com,X-Security: a question about endpoint operations,2026-08-01T17:45:30.278295
<178558662814.24324.10040613207367592447@x-security.local>,Northstar SecureOps,baghelanshu9911@gmail.com,Re: X-Security: a question about endpoint operations,2026-08-01T17:47:11.578724
<178558687429.5256.15413120672706147558@x-security.local>,Northstar SecureOps,baghelanshu9911@gmail.com,X-Security: a question about endpoint operations,2026-08-01T17:51:17.355617
<178558692207.5256.5408400615291237903@x-security.local>,Northstar SecureOps,baghelanshu9911@gmail.com,Re: X-Security: a question about endpoint operations,2026-08-01T17:52:05.260952
